timestamp,question,answer,confidence,reason,status
2026-03-30T18:57:24.917980,What is the difference between IaaS and SaaS?,The system uses confidence scoring to evaluate answer quality and flags low-confidence responses for human review.,0.629,Weak retrieval,pending
2026-03-30T18:57:58.094485,what is cloud computing?,The system uses confidence scoring to evaluate answer quality and flags low-confidence responses for human review.,0.629,Weak retrieval,pending
2026-03-30T19:05:39.404330,what is cloud computing,The system uses confidence scoring to evaluate answer quality and flags low-confidence responses for human review.,0.302,"Weak retrieval, Low groundedness (possible hallucination)",pending
2026-03-30T19:06:29.853949,List the types of cloud services.,The system uses confidence scoring to evaluate answer quality and flags low-confidence responses for human review.,0.302,"Weak retrieval, Low groundedness (possible hallucination)",pending
2026-03-30T19:08:17.020400,what is cloud computing,The system uses confidence scoring to evaluate answer quality and flags low-confidence responses for human review.,0.302,"Weak retrieval, Low groundedness (possible hallucination)",pending
2026-03-30T19:09:06.997604,List the types of cloud services.,The system uses confidence scoring to evaluate answer quality and flags low-confidence responses for human review.,0.302,"Weak retrieval, Low groundedness (possible hallucination)",pending
2026-03-30T19:15:20.925586,what is coud computing?,The system uses confidence scoring to evaluate answer quality and flags low-confidence responses for human review.,0.302,"Weak retrieval, Low groundedness (possible hallucination)",pending
2026-03-30T19:17:17.992729,what is cloud computing?,The system uses confidence scoring to evaluate answer quality and flags low-confidence responses for human review.,0.302,"Weak retrieval, Low groundedness (possible hallucination)",pending
2026-03-30T19:23:01.399576,what is cloud computing?,The system uses confidence scoring to evaluate answer quality and flags low-confidence responses for human review.,0.302,"Weak retrieval, Low groundedness (possible hallucination)",pending
2026-03-30T19:26:33.164966,what is cloud computing?,The system uses confidence scoring to evaluate answer quality and flags low-confidence responses for human review.,0.302,"Weak retrieval, Low groundedness (possible hallucination)",pending
2026-03-30T19:27:23.469745,what is iaas?,I don't have enough information to answer this question confidently.,0.302,"Weak retrieval, Low groundedness (possible hallucination)",pending
2026-03-30T19:27:46.220521,List the types of cloud services,The system uses confidence scoring to evaluate answer quality and flags low-confidence responses for human review.,0.302,"Weak retrieval, Low groundedness (possible hallucination)",pending
2026-03-30T19:28:14.671539,Name three major cloud providers,The system uses confidence scoring to evaluate answer quality and flags low-confidence responses for human review.,0.302,"Weak retrieval, Low groundedness (possible hallucination)",pending
2026-03-31T18:24:31.588107,what is cloud computing?,The system uses confidence scoring to evaluate answer quality and flags low-confidence responses for human review.,0.302,"Weak retrieval, Low groundedness (possible hallucination)",pending
2026-03-31T18:24:49.593727,diffrance between iaas pass,I don't have enough information to answer this question confidently.,0.302,"Weak retrieval, Low groundedness (possible hallucination)",pending
2026-03-31T18:25:11.966023,what is cloud computing?,The system uses confidence scoring to evaluate answer quality and flags low-confidence responses for human review.,0.302,"Weak retrieval, Low groundedness (possible hallucination)",pending
2026-03-31T18:29:18.132503,what is cloud computing?,The system uses confidence scoring to evaluate answer quality and flags low-confidence responses for human review.,0.302,"Weak retrieval, Low groundedness (possible hallucination)",pending
2026-03-31T18:32:56.558120,what is in my uploded documents?,The system uses confidence scoring to evaluate answer quality and flags low-confidence responses for human review.,0.302,"Weak retrieval, Low groundedness (possible hallucination)",pending
2026-03-31T18:42:13.130483,what is the diffrance between iaas and paas,I don't have enough relevant information in the uploaded documents to answer this question confidently.,0.303,"Weak retrieval, Low groundedness (possible hallucination)",pending
2026-03-31T18:55:34.314142,what is artificial intelligence?,I don't have enough relevant information in the uploaded documents to answer this question confidently.,0.39,"Weak retrieval, Low groundedness (possible hallucination)",pending
2026-03-31T19:21:00.352864,what is artifical intelligance,I don't have any documents loaded yet. Please upload a document first.,0.0,No chunks retrieved,pending
2026-03-31T19:21:36.290237,what is artificial intelligence?,I don't have any documents loaded yet. Please upload a document first.,0.0,No chunks retrieved,pending
2026-03-31T19:28:02.157209,what is vector database,I don't have enough relevant information in the uploaded documents to answer this question confidently.,0.496,"Weak retrieval, Low groundedness (possible hallucination)",pending
2026-03-31T19:28:52.126484,what is cloud computing?,"Cloud computing is the delivery of computing services—including servers, storage, databases, networking, software, analytics, and intelligence—over the Internet ('the cloud').",0.437,"Weak retrieval, Low groundedness (possible hallucination)",pending
2026-03-31T19:35:06.493804,What is RAG?,RAG stands for Retrieval-Augmented Generation. It retrieves relevant document chunks and uses them to generate accurate answers.,0.302,"Weak retrieval, Low groundedness (possible hallucination)",pending
2026-03-31T19:36:03.114336,What is RAG?,RAG stands for Retrieval-Augmented Generation. It retrieves relevant document chunks and uses them to generate accurate answers.,0.302,"Weak retrieval, Low groundedness (possible hallucination)",pending
2026-03-31T19:40:05.447294,What is RAG and how does it work?,RAG stands for Retrieval-Augmented Generation. It retrieves relevant document chunks and uses them to generate accurate answers.,0.302,"Weak retrieval, Low groundedness (possible hallucination)",pending
2026-03-31T19:44:19.320877,What is RAG and how does it work?,RAG stands for Retrieval-Augmented Generation. It retrieves relevant document chunks and uses them to generate accurate answers.,0.302,"Weak retrieval, Low groundedness (possible hallucination)",pending
2026-03-31T19:44:19.413438,What is FAISS used for?,I don't have enough relevant information in the uploaded documents to answer this question confidently.,0.302,"Weak retrieval, Low groundedness (possible hallucination)",pending
2026-03-31T19:45:06.552031,What is RAG and how does it work?,RAG stands for Retrieval-Augmented Generation. It retrieves relevant document chunks and uses them to generate accurate answers.,0.302,"Weak retrieval, Low groundedness (possible hallucination)",pending
2026-03-31T19:45:06.873399,What is cloud computing?,I don't have enough relevant information in the uploaded documents to answer this question confidently.,0.302,"Weak retrieval, Low groundedness (possible hallucination)",pending
2026-03-31T19:45:53.113268,What is RAG and how does it work?,RAG stands for Retrieval-Augmented Generation. It retrieves relevant document chunks and uses them to generate accurate answers.,0.302,"Weak retrieval, Low groundedness (possible hallucination)",pending
2026-03-31T19:48:23.038476,What is RAG and how does it work?,"RAG (Retrieval-Augmented Generation) is a technique that retrieves relevant document chunks using hybrid search and then uses an LLM to generate accurate, grounded answers.",0.302,"Weak retrieval, Low groundedness (possible hallucination)",pending
2026-03-31T19:48:23.134935,What is FAISS used for?,FAISS is a library for fast similarity search over vector embeddings. It enables quick retrieval of semantically similar chunks.,0.344,"Weak retrieval, Low groundedness (possible hallucination)",pending
2026-03-31T19:48:23.228808,Explain hybrid retrieval in this system,"RAG (Retrieval-Augmented Generation) is a technique that retrieves relevant document chunks using hybrid search and then uses an LLM to generate accurate, grounded answers.",0.302,"Weak retrieval, Low groundedness (possible hallucination)",pending
2026-03-31T19:48:23.320516,What is Sentence-BERT?,Sentence-BERT is used to convert text into dense vector embeddings so that semantically similar sentences are close in vector space.,0.342,"Weak retrieval, Low groundedness (possible hallucination)",pending
2026-03-31T19:48:23.424861,What is cloud computing?,I don't have enough relevant information in the uploaded documents to answer this confidently.,0.302,"Weak retrieval, Low groundedness (possible hallucination)",pending
2026-03-31T19:54:01.454872,What is RAG and how does it work?,I don't have enough relevant information in the uploaded documents to answer this confidently.,0.346,"Weak retrieval, Low groundedness (possible hallucination)",pending
2026-03-31T19:54:01.545140,What is FAISS used for?,FAISS is a library for fast similarity search over vector embeddings. It enables quick retrieval of semantically similar chunks.,0.388,"Weak retrieval, Low groundedness (possible hallucination)",pending
2026-03-31T19:54:01.632804,Explain hybrid retrieval in this system,I don't have enough relevant information in the uploaded documents to answer this confidently.,0.346,"Weak retrieval, Low groundedness (possible hallucination)",pending
2026-03-31T19:54:01.714289,What is Sentence-BERT?,Sentence-BERT is used to convert text into dense vector embeddings so that semantically similar sentences are close in vector space.,0.386,"Weak retrieval, Low groundedness (possible hallucination)",pending
2026-04-02T06:51:53.997667,What is RAG and how does it work?,"RAG (Retrieval-Augmented Generation) is a technique that retrieves relevant document chunks using hybrid search and then uses an LLM to generate accurate, grounded answers.",0.346,"Weak retrieval, Low groundedness (possible hallucination)",pending
2026-04-02T06:51:54.126639,What is FAISS used for?,I don't have enough relevant information in the uploaded documents to answer this confidently.,0.345,"Weak retrieval, Low groundedness (possible hallucination)",pending
2026-04-02T06:51:54.838196,Explain hybrid retrieval in this system,"RAG (Retrieval-Augmented Generation) is a technique that retrieves relevant document chunks using hybrid search and then uses an LLM to generate accurate, grounded answers.",0.346,"Weak retrieval, Low groundedness (possible hallucination)",pending
2026-04-02T06:51:55.759924,What is Sentence-BERT?,Sentence-BERT is used to convert text into dense vector embeddings so that semantically similar sentences are close in vector space.,0.386,"Weak retrieval, Low groundedness (possible hallucination)",pending
2026-04-02T07:00:28.985951,What is RAG and how does it work?,RAG (Retrieval-Augmented Generation) retrieves relevant document chunks using hybrid search (FAISS + BM25) and then uses an LLM to generate grounded answers.,0.346,"Weak retrieval, Low groundedness (possible hallucination)",pending
2026-04-02T07:00:29.076274,What is FAISS used for?,I don't have enough relevant information in the uploaded documents to answer this question confidently.,0.345,"Weak retrieval, Low groundedness (possible hallucination)",pending
2026-04-02T07:00:29.155473,Explain hybrid retrieval in this system,I don't have enough relevant information in the uploaded documents to answer this question confidently.,0.346,"Weak retrieval, Low groundedness (possible hallucination)",pending
2026-04-02T07:00:29.237429,What is Sentence-BERT?,Sentence-BERT converts text into dense vector embeddings so that similar meanings are close in vector space.,0.346,"Weak retrieval, Low groundedness (possible hallucination)",pending
2026-04-02T07:00:29.315316,What is cloud computing?,I don't have enough relevant information in the uploaded documents to answer this question confidently.,0.341,"Weak retrieval, Low groundedness (possible hallucination)",pending
2026-04-02T07:04:07.946985,What is RAG and how does it work?,"RAG (Retrieval-Augmented Generation) is a powerful technique that first retrieves relevant document chunks using hybrid search (FAISS semantic + BM25 keyword) and then uses an LLM to generate accurate, grounded answers.",0.346,"Weak retrieval, Low groundedness (possible hallucination)",pending
2026-04-02T07:04:08.051902,What is FAISS used for?,FAISS is a library developed by Facebook that enables extremely fast similarity search over millions of vector embeddings.,0.388,"Weak retrieval, Low groundedness (possible hallucination)",pending
2026-04-02T07:04:08.146577,Explain hybrid retrieval in this system,"RAG (Retrieval-Augmented Generation) is a powerful technique that first retrieves relevant document chunks using hybrid search (FAISS semantic + BM25 keyword) and then uses an LLM to generate accurate, grounded answers.",0.346,"Weak retrieval, Low groundedness (possible hallucination)",pending
2026-04-02T07:04:08.236382,What is Sentence-BERT?,Sentence-BERT is a model that converts text into dense vector embeddings so that sentences with similar meanings are close together in vector space.,0.346,"Weak retrieval, Low groundedness (possible hallucination)",pending
2026-04-02T07:07:08.245106,What is RAG and how does it work?,"RAG (Retrieval-Augmented Generation) is a powerful technique that first retrieves relevant document chunks using hybrid search (FAISS semantic + BM25 keyword) and then uses an LLM to generate accurate, grounded answers.",0.302,"Weak retrieval, Low groundedness (possible hallucination)",pending
2026-04-02T07:07:08.342775,What is FAISS used for?,I don't have enough relevant information in the uploaded documents to answer this question confidently.,0.302,"Weak retrieval, Low groundedness (possible hallucination)",pending
2026-04-02T07:07:08.431239,Explain hybrid retrieval in this system,"RAG (Retrieval-Augmented Generation) is a powerful technique that first retrieves relevant document chunks using hybrid search (FAISS semantic + BM25 keyword) and then uses an LLM to generate accurate, grounded answers.",0.302,"Weak retrieval, Low groundedness (possible hallucination)",pending
2026-04-02T07:07:08.528229,What is Sentence-BERT?,Sentence-BERT is a model that converts text into dense vector embeddings so that sentences with similar meanings are close together in vector space.,0.302,"Weak retrieval, Low groundedness (possible hallucination)",pending
2026-04-02T07:07:08.615504,What is cloud computing?,I don't have enough relevant information in the uploaded documents to answer this question confidently.,0.302,"Weak retrieval, Low groundedness (possible hallucination)",pending
2026-04-02T07:12:30.002819,What is RAG and how does it work?,"RAG (Retrieval-Augmented Generation) is a powerful technique that first retrieves relevant document chunks using hybrid search (FAISS semantic + BM25 keyword) and then uses an LLM to generate accurate, grounded answers.",0.309,"Weak retrieval, Low groundedness (possible hallucination)",pending
2026-04-02T07:12:30.118201,What is FAISS used for?,FAISS is a library developed by Facebook that enables extremely fast similarity search over millions of vector embeddings.,0.352,"Weak retrieval, Low groundedness (possible hallucination)",pending
2026-04-02T07:12:30.215157,Explain hybrid retrieval in this system,"RAG (Retrieval-Augmented Generation) is a powerful technique that first retrieves relevant document chunks using hybrid search (FAISS semantic + BM25 keyword) and then uses an LLM to generate accurate, grounded answers.",0.309,"Weak retrieval, Low groundedness (possible hallucination)",pending
2026-04-02T07:12:30.314873,What is Sentence-BERT?,Sentence-BERT is a model that converts text into dense vector embeddings so that sentences with similar meanings are close together in vector space.,0.309,"Weak retrieval, Low groundedness (possible hallucination)",pending
2026-04-02T07:18:56.282466,What is RAG and how does it work?,"RAG (Retrieval-Augmented Generation) is a powerful technique that first retrieves relevant document chunks using hybrid search (FAISS semantic + BM25 keyword) and then uses an LLM to generate accurate, grounded answers.",0.35,"Weak retrieval, Low groundedness (possible hallucination)",pending
2026-04-02T07:18:56.465524,What is FAISS used for?,FAISS is a library developed by Facebook that enables extremely fast similarity search over millions of vector embeddings.,0.393,"Weak retrieval, Low groundedness (possible hallucination)",pending
2026-04-02T07:18:56.635135,Explain hybrid retrieval in this system,"RAG (Retrieval-Augmented Generation) is a powerful technique that first retrieves relevant document chunks using hybrid search (FAISS semantic + BM25 keyword) and then uses an LLM to generate accurate, grounded answers.",0.35,"Weak retrieval, Low groundedness (possible hallucination)",pending
2026-04-02T07:18:56.857624,What is Sentence-BERT?,Sentence-BERT is a model that converts text into dense vector embeddings so that sentences with similar meanings are close together in vector space.,0.35,"Weak retrieval, Low groundedness (possible hallucination)",pending
2026-04-02T07:35:00.869088,What is RAG and how does it work?,I don't have any documents loaded yet. Please upload a document first.,0.0,No chunks retrieved,pending
2026-04-02T07:35:00.931810,What is FAISS used for?,I don't have any documents loaded yet. Please upload a document first.,0.0,No chunks retrieved,pending
2026-04-02T07:35:00.994145,Explain hybrid retrieval in this system,I don't have any documents loaded yet. Please upload a document first.,0.0,No chunks retrieved,pending
2026-04-02T07:35:01.057189,What is Sentence-BERT?,I don't have any documents loaded yet. Please upload a document first.,0.0,No chunks retrieved,pending
2026-04-02T07:35:01.119797,What is cloud computing?,I don't have any documents loaded yet. Please upload a document first.,0.0,No chunks retrieved,pending
2026-04-02T07:52:18.703370,What is RAG and how does it work?,I don't have any documents loaded yet. Please upload a document first.,0.0,No chunks retrieved,pending
2026-04-02T07:52:18.779024,What is FAISS used for?,I don't have any documents loaded yet. Please upload a document first.,0.0,No chunks retrieved,pending
2026-04-02T07:52:18.842011,Explain hybrid retrieval in this system,I don't have any documents loaded yet. Please upload a document first.,0.0,No chunks retrieved,pending
2026-04-02T07:52:18.915439,What is Sentence-BERT?,I don't have any documents loaded yet. Please upload a document first.,0.0,No chunks retrieved,pending
2026-04-02T07:52:18.984247,What is cloud computing?,I don't have any documents loaded yet. Please upload a document first.,0.0,No chunks retrieved,pending
2026-04-02T07:54:19.331561,What is RAG and how does it work?,I don't have enough relevant information in the uploaded documents to answer this question confidently.,0.3,"Weak retrieval, Low groundedness (possible hallucination)",pending
2026-04-02T07:54:19.465383,What is FAISS used for?,FAISS is a library developed by Facebook that enables extremely fast similarity search over millions of vector embeddings.,0.343,"Weak retrieval, Low groundedness (possible hallucination)",pending
2026-04-02T07:54:19.597868,Explain hybrid retrieval in this system,"RAG (Retrieval-Augmented Generation) is a powerful technique that first retrieves relevant document chunks using hybrid search (FAISS semantic + BM25 keyword) and then uses an LLM to generate accurate, grounded answers.",0.3,"Weak retrieval, Low groundedness (possible hallucination)",pending
2026-04-02T07:54:19.723709,What is Sentence-BERT?,Sentence-BERT is a model that converts text into dense vector embeddings so that sentences with similar meanings are close together in vector space.,0.3,"Weak retrieval, Low groundedness (possible hallucination)",pending
2026-04-02T07:55:45.604381,What is RAG and how does it work?,"RAG (Retrieval-Augmented Generation) is a powerful technique that first retrieves relevant document chunks using hybrid search (FAISS semantic + BM25 keyword) and then uses an LLM to generate accurate, grounded answers.",0.35,"Weak retrieval, Low groundedness (possible hallucination)",pending
2026-04-02T07:55:45.762646,What is FAISS used for?,FAISS is a library developed by Facebook that enables extremely fast similarity search over millions of vector embeddings.,0.393,"Weak retrieval, Low groundedness (possible hallucination)",pending
2026-04-02T07:55:45.928419,Explain hybrid retrieval in this system,"RAG (Retrieval-Augmented Generation) is a powerful technique that first retrieves relevant document chunks using hybrid search (FAISS semantic + BM25 keyword) and then uses an LLM to generate accurate, grounded answers.",0.35,"Weak retrieval, Low groundedness (possible hallucination)",pending
2026-04-02T07:55:46.103062,What is Sentence-BERT?,Sentence-BERT is a model that converts text into dense vector embeddings so that sentences with similar meanings are close together in vector space.,0.35,"Weak retrieval, Low groundedness (possible hallucination)",pending
2026-04-02T07:58:23.117854,What is RAG and how does it work?,"RAG (Retrieval-Augmented Generation) is a powerful technique that first retrieves relevant document chunks using hybrid search (FAISS semantic + BM25 keyword) and then uses an LLM to generate accurate, grounded answers.",0.35,"Weak retrieval, Low groundedness (possible hallucination)",pending
2026-04-02T07:58:23.371490,What is FAISS used for?,I don't have enough relevant information in the uploaded documents to answer this question confidently.,0.35,"Weak retrieval, Low groundedness (possible hallucination)",pending
2026-04-02T07:58:23.563498,Explain hybrid retrieval in this system,"RAG (Retrieval-Augmented Generation) is a powerful technique that first retrieves relevant document chunks using hybrid search (FAISS semantic + BM25 keyword) and then uses an LLM to generate accurate, grounded answers.",0.35,"Weak retrieval, Low groundedness (possible hallucination)",pending
2026-04-02T07:58:23.749656,What is Sentence-BERT?,Sentence-BERT is a model that converts text into dense vector embeddings so that sentences with similar meanings are close together in vector space.,0.35,"Weak retrieval, Low groundedness (possible hallucination)",pending
2026-04-02T08:00:29.263159,What is RAG and how does it work?,"RAG (Retrieval-Augmented Generation) is a powerful technique that first retrieves relevant document chunks using hybrid search (FAISS semantic + BM25 keyword) and then uses an LLM to generate accurate, grounded answers.",0.35,"Weak retrieval, Low groundedness (possible hallucination)",pending
2026-04-02T08:00:29.452732,What is FAISS used for?,FAISS is a library developed by Facebook that enables extremely fast similarity search over millions of vector embeddings.,0.393,"Weak retrieval, Low groundedness (possible hallucination)",pending
2026-04-02T08:00:29.629240,Explain hybrid retrieval,"RAG (Retrieval-Augmented Generation) is a powerful technique that first retrieves relevant document chunks using hybrid search (FAISS semantic + BM25 keyword) and then uses an LLM to generate accurate, grounded answers.",0.35,"Weak retrieval, Low groundedness (possible hallucination)",pending
2026-04-02T08:00:29.803944,What is Sentence-BERT?,I don't have enough relevant information in the uploaded documents to answer this question confidently.,0.35,"Weak retrieval, Low groundedness (possible hallucination)",pending
2026-04-02T08:00:30.299644,How does chunking help in RAG?,"RAG (Retrieval-Augmented Generation) is a powerful technique that first retrieves relevant document chunks using hybrid search (FAISS semantic + BM25 keyword) and then uses an LLM to generate accurate, grounded answers.",0.35,"Weak retrieval, Low groundedness (possible hallucination)",pending
2026-04-02T08:03:57.537188,What is RAG and how does it work?,I don't have enough relevant information in the uploaded documents to answer this question confidently.,0.35,"Weak retrieval, Low groundedness (possible hallucination)",pending
2026-04-02T08:03:57.712493,What is FAISS used for?,I don't have enough relevant information in the uploaded documents to answer this question confidently.,0.35,"Weak retrieval, Low groundedness (possible hallucination)",pending
2026-04-02T08:03:57.874741,Explain hybrid retrieval,"RAG (Retrieval-Augmented Generation) is a powerful technique that first retrieves relevant document chunks using hybrid search (FAISS semantic + BM25 keyword) and then uses an LLM to generate accurate, grounded answers.",0.35,"Weak retrieval, Low groundedness (possible hallucination)",pending
2026-04-02T08:03:58.039053,What is Sentence-BERT?,Sentence-BERT is a model that converts text into dense vector embeddings so that sentences with similar meanings are close together in vector space.,0.35,"Weak retrieval, Low groundedness (possible hallucination)",pending
2026-04-02T08:03:58.585990,How does chunking help in RAG?,"RAG (Retrieval-Augmented Generation) is a powerful technique that first retrieves relevant document chunks using hybrid search (FAISS semantic + BM25 keyword) and then uses an LLM to generate accurate, grounded answers.",0.35,"Weak retrieval, Low groundedness (possible hallucination)",pending
2026-04-02T08:06:04.958424,What is RAG and how does it work?,"RAG (Retrieval-Augmented Generation) is a powerful technique that first retrieves relevant document chunks using hybrid search (FAISS semantic + BM25 keyword) and then uses an LLM to generate accurate, grounded answers.",0.35,"Weak retrieval, Low groundedness (possible hallucination)",pending
2026-04-02T08:06:05.134157,What is FAISS used for?,FAISS is a library developed by Facebook that enables extremely fast similarity search over millions of vector embeddings.,0.393,"Weak retrieval, Low groundedness (possible hallucination)",pending
2026-04-02T08:06:05.339620,Explain hybrid retrieval,"RAG (Retrieval-Augmented Generation) is a powerful technique that first retrieves relevant document chunks using hybrid search (FAISS semantic + BM25 keyword) and then uses an LLM to generate accurate, grounded answers.",0.35,"Weak retrieval, Low groundedness (possible hallucination)",pending
2026-04-02T08:06:05.497839,What is Sentence-BERT?,Sentence-BERT is a model that converts text into dense vector embeddings so that sentences with similar meanings are close together in vector space.,0.35,"Weak retrieval, Low groundedness (possible hallucination)",pending
2026-04-02T08:06:06.009734,How does chunking help in RAG?,"RAG (Retrieval-Augmented Generation) is a powerful technique that first retrieves relevant document chunks using hybrid search (FAISS semantic + BM25 keyword) and then uses an LLM to generate accurate, grounded answers.",0.35,"Weak retrieval, Low groundedness (possible hallucination)",pending
2026-04-02T08:07:36.360562,What is RAG and how does it work?,"RAG (Retrieval-Augmented Generation) is a powerful technique that first retrieves relevant document chunks using hybrid search (FAISS semantic + BM25 keyword) and then uses an LLM to generate accurate, grounded answers.",0.35,"Weak retrieval, Low groundedness (possible hallucination)",pending
2026-04-02T08:07:36.529472,What is FAISS used for?,FAISS is a library developed by Facebook that enables extremely fast similarity search over millions of vector embeddings.,0.393,"Weak retrieval, Low groundedness (possible hallucination)",pending
2026-04-02T08:07:36.692561,Explain hybrid retrieval,"RAG (Retrieval-Augmented Generation) is a powerful technique that first retrieves relevant document chunks using hybrid search (FAISS semantic + BM25 keyword) and then uses an LLM to generate accurate, grounded answers.",0.35,"Weak retrieval, Low groundedness (possible hallucination)",pending
2026-04-02T08:07:36.857710,What is Sentence-BERT?,Sentence-BERT is a model that converts text into dense vector embeddings so that sentences with similar meanings are close together in vector space.,0.35,"Weak retrieval, Low groundedness (possible hallucination)",pending
2026-04-02T08:07:37.347866,How does chunking help in RAG?,"RAG (Retrieval-Augmented Generation) is a powerful technique that first retrieves relevant document chunks using hybrid search (FAISS semantic + BM25 keyword) and then uses an LLM to generate accurate, grounded answers.",0.35,"Weak retrieval, Low groundedness (possible hallucination)",pending
2026-04-02T08:07:37.840618,How does RAG reduce hallucinations?,"RAG (Retrieval-Augmented Generation) is a powerful technique that first retrieves relevant document chunks using hybrid search (FAISS semantic + BM25 keyword) and then uses an LLM to generate accurate, grounded answers.",0.35,"Weak retrieval, Low groundedness (possible hallucination)",pending
2026-04-02T08:07:38.000230,What is reranking in retrieval?,"RAG (Retrieval-Augmented Generation) is a powerful technique that first retrieves relevant document chunks using hybrid search (FAISS semantic + BM25 keyword) and then uses an LLM to generate accurate, grounded answers.",0.35,"Weak retrieval, Low groundedness (possible hallucination)",pending
2026-04-02T08:12:01.794245,What is RAG and how does it work?,"RAG (Retrieval-Augmented Generation) is a powerful technique that first retrieves relevant document chunks using hybrid search (FAISS semantic + BM25 keyword) and then uses an LLM to generate accurate, grounded answers.",0.35,"Weak retrieval, Low groundedness (possible hallucination)",pending
2026-04-02T08:12:01.892194,What is FAISS used for?,FAISS is a library developed by Facebook that enables extremely fast similarity search over millions of vector embeddings.,0.55,Weak retrieval,pending
2026-04-02T08:12:01.984341,Explain hybrid retrieval,"RAG (Retrieval-Augmented Generation) is a powerful technique that first retrieves relevant document chunks using hybrid search (FAISS semantic + BM25 keyword) and then uses an LLM to generate accurate, grounded answers.",0.35,"Weak retrieval, Low groundedness (possible hallucination)",pending
2026-04-02T08:12:02.086218,What is Sentence-BERT?,Sentence-BERT is a model that converts text into dense vector embeddings so that sentences with similar meanings are close together in vector space.,0.356,"Weak retrieval, Low groundedness (possible hallucination)",pending
2026-04-02T08:12:02.194961,What is cloud computing?,"Cloud computing is the delivery of computing services—including servers, storage, databases, networking, software, analytics, and intelligence—over the Internet ('the cloud').",0.25,"Weak retrieval, Low groundedness (possible hallucination)",pending
2026-04-02T08:12:02.295769,What are advantages of cloud computing?,"Cloud computing is the delivery of computing services—including servers, storage, databases, networking, software, analytics, and intelligence—over the Internet ('the cloud').",0.25,"Weak retrieval, Low groundedness (possible hallucination)",pending
2026-04-02T08:12:02.397309,How does chunking help in RAG?,"RAG (Retrieval-Augmented Generation) is a powerful technique that first retrieves relevant document chunks using hybrid search (FAISS semantic + BM25 keyword) and then uses an LLM to generate accurate, grounded answers.",0.35,"Weak retrieval, Low groundedness (possible hallucination)",pending
2026-04-02T08:12:02.741591,How does RAG reduce hallucinations?,"RAG (Retrieval-Augmented Generation) is a powerful technique that first retrieves relevant document chunks using hybrid search (FAISS semantic + BM25 keyword) and then uses an LLM to generate accurate, grounded answers.",0.35,"Weak retrieval, Low groundedness (possible hallucination)",pending
2026-04-02T08:12:02.842519,What is reranking in retrieval?,"RAG (Retrieval-Augmented Generation) is a powerful technique that first retrieves relevant document chunks using hybrid search (FAISS semantic + BM25 keyword) and then uses an LLM to generate accurate, grounded answers.",0.35,"Weak retrieval, Low groundedness (possible hallucination)",pending
2026-04-02T08:12:02.943472,Name some cloud providers,"Cloud computing is the delivery of computing services—including servers, storage, databases, networking, software, analytics, and intelligence—over the Internet ('the cloud').",0.25,"Weak retrieval, Low groundedness (possible hallucination)",pending
2026-04-04T16:22:09.608687,What is RAG and how does it work?,"RAG (Retrieval-Augmented Generation) is a powerful technique that first retrieves relevant document chunks using hybrid search (FAISS semantic + BM25 keyword) and then uses an LLM to generate accurate, grounded answers.",0.35,"Weak retrieval, Low groundedness (possible hallucination)",pending
2026-04-04T16:22:09.749259,What is FAISS used for?,FAISS is a library developed by Facebook that enables extremely fast similarity search over millions of vector embeddings.,0.55,Weak retrieval,pending
2026-04-04T16:22:09.882122,Explain hybrid retrieval,"RAG (Retrieval-Augmented Generation) is a powerful technique that first retrieves relevant document chunks using hybrid search (FAISS semantic + BM25 keyword) and then uses an LLM to generate accurate, grounded answers.",0.35,"Weak retrieval, Low groundedness (possible hallucination)",pending
2026-04-04T16:22:10.011577,What is Sentence-BERT?,Sentence-BERT is a model that converts text into dense vector embeddings so that sentences with similar meanings are close together in vector space.,0.356,"Weak retrieval, Low groundedness (possible hallucination)",pending
2026-04-04T16:22:10.136460,What is cloud computing?,"Cloud computing is the delivery of computing services—including servers, storage, databases, networking, software, analytics, and intelligence—over the Internet ('the cloud').",0.25,"Weak retrieval, Low groundedness (possible hallucination)",pending
2026-04-04T16:22:10.273385,What are advantages of cloud computing?,I don't have enough relevant information in the uploaded documents to answer this question confidently.,0.25,"Weak retrieval, Low groundedness (possible hallucination)",pending
2026-04-04T16:22:10.408097,How does chunking help in RAG?,"RAG (Retrieval-Augmented Generation) is a powerful technique that first retrieves relevant document chunks using hybrid search (FAISS semantic + BM25 keyword) and then uses an LLM to generate accurate, grounded answers.",0.35,"Weak retrieval, Low groundedness (possible hallucination)",pending
2026-04-04T16:22:10.796443,How does RAG reduce hallucinations?,"RAG (Retrieval-Augmented Generation) is a powerful technique that first retrieves relevant document chunks using hybrid search (FAISS semantic + BM25 keyword) and then uses an LLM to generate accurate, grounded answers.",0.35,"Weak retrieval, Low groundedness (possible hallucination)",pending
2026-04-04T16:22:10.940984,What is reranking in RAG?,"RAG (Retrieval-Augmented Generation) is a powerful technique that first retrieves relevant document chunks using hybrid search (FAISS semantic + BM25 keyword) and then uses an LLM to generate accurate, grounded answers.",0.35,"Weak retrieval, Low groundedness (possible hallucination)",pending
2026-04-04T16:22:11.147371,Name some cloud providers,I don't have enough relevant information in the uploaded documents to answer this question confidently.,0.25,"Weak retrieval, Low groundedness (possible hallucination)",pending
2026-04-04T16:22:11.552155,What is the role of confidence scoring in RAG?,"RAG (Retrieval-Augmented Generation) is a powerful technique that first retrieves relevant document chunks using hybrid search (FAISS semantic + BM25 keyword) and then uses an LLM to generate accurate, grounded answers.",0.35,"Weak retrieval, Low groundedness (possible hallucination)",pending
2026-04-04T16:22:11.683536,What is the benefit of hybrid search?,Hybrid retrieval combines dense vector search (FAISS) with sparse keyword search (BM25) using Reciprocal Rank Fusion. This usually gives better results than using either method alone.,0.35,"Weak retrieval, Low groundedness (possible hallucination)",pending
2026-04-04T16:22:11.817199,How does FAISS work with embeddings?,FAISS is a library developed by Facebook that enables extremely fast similarity search over millions of vector embeddings.,0.55,Weak retrieval,pending
2026-04-04T16:22:11.942152,What is the main goal of RAG?,"RAG (Retrieval-Augmented Generation) is a powerful technique that first retrieves relevant document chunks using hybrid search (FAISS semantic + BM25 keyword) and then uses an LLM to generate accurate, grounded answers.",0.35,"Weak retrieval, Low groundedness (possible hallucination)",pending
2026-04-04T16:22:12.074473,Give an example of cloud computing service,"Cloud computing is the delivery of computing services—including servers, storage, databases, networking, software, analytics, and intelligence—over the Internet ('the cloud').",0.25,"Weak retrieval, Low groundedness (possible hallucination)",pending
2026-04-04T16:22:12.200407,What is the difference between dense and sparse retrieval?,"RAG (Retrieval-Augmented Generation) is a powerful technique that first retrieves relevant document chunks using hybrid search (FAISS semantic + BM25 keyword) and then uses an LLM to generate accurate, grounded answers.",0.35,"Weak retrieval, Low groundedness (possible hallucination)",pending
2026-04-04T16:28:18.330929,What is RAG and how does it work?,"RAG (Retrieval-Augmented Generation) is a powerful technique that first retrieves relevant document chunks using hybrid search (FAISS semantic + BM25 keyword) and then uses an LLM to generate accurate, grounded answers.",0.35,"Weak retrieval, Low groundedness (possible hallucination)",pending
2026-04-04T16:28:18.656628,What is FAISS used for?,I don't have enough relevant information in the uploaded documents to answer this question confidently.,0.35,"Weak retrieval, Low groundedness (possible hallucination)",pending
2026-04-04T16:28:18.925496,Explain hybrid retrieval,I don't have enough relevant information in the uploaded documents to answer this question confidently.,0.35,"Weak retrieval, Low groundedness (possible hallucination)",pending
2026-04-04T16:28:19.256845,What is Sentence-BERT?,Sentence-BERT is a model that converts text into dense vector embeddings so that sentences with similar meanings are close together in vector space.,0.35,"Weak retrieval, Low groundedness (possible hallucination)",pending
2026-04-04T16:28:20.181963,How does chunking help in RAG?,"RAG (Retrieval-Augmented Generation) is a powerful technique that first retrieves relevant document chunks using hybrid search (FAISS semantic + BM25 keyword) and then uses an LLM to generate accurate, grounded answers.",0.35,"Weak retrieval, Low groundedness (possible hallucination)",pending
2026-04-04T16:28:21.333878,How does RAG reduce hallucinations?,"RAG (Retrieval-Augmented Generation) is a powerful technique that first retrieves relevant document chunks using hybrid search (FAISS semantic + BM25 keyword) and then uses an LLM to generate accurate, grounded answers.",0.35,"Weak retrieval, Low groundedness (possible hallucination)",pending
2026-04-04T16:28:21.613921,What is reranking in RAG?,"RAG (Retrieval-Augmented Generation) is a powerful technique that first retrieves relevant document chunks using hybrid search (FAISS semantic + BM25 keyword) and then uses an LLM to generate accurate, grounded answers.",0.35,"Weak retrieval, Low groundedness (possible hallucination)",pending
2026-04-04T16:28:22.948828,What is the role of confidence scoring in RAG?,"RAG (Retrieval-Augmented Generation) is a powerful technique that first retrieves relevant document chunks using hybrid search (FAISS semantic + BM25 keyword) and then uses an LLM to generate accurate, grounded answers.",0.35,"Weak retrieval, Low groundedness (possible hallucination)",pending
2026-04-04T16:28:23.199706,What is the benefit of hybrid search?,Hybrid retrieval combines dense vector search (FAISS) with sparse keyword search (BM25) using Reciprocal Rank Fusion. This usually gives better results than using either method alone.,0.35,"Weak retrieval, Low groundedness (possible hallucination)",pending
2026-04-04T16:28:23.452637,How does FAISS work with embeddings?,FAISS is a library developed by Facebook that enables extremely fast similarity search over millions of vector embeddings.,0.393,"Weak retrieval, Low groundedness (possible hallucination)",pending
2026-04-04T16:28:23.698927,What is the main goal of RAG?,"RAG (Retrieval-Augmented Generation) is a powerful technique that first retrieves relevant document chunks using hybrid search (FAISS semantic + BM25 keyword) and then uses an LLM to generate accurate, grounded answers.",0.35,"Weak retrieval, Low groundedness (possible hallucination)",pending
2026-04-04T16:28:24.259741,What is the difference between dense and sparse retrieval?,I don't have enough relevant information in the uploaded documents to answer this question confidently.,0.35,"Weak retrieval, Low groundedness (possible hallucination)",pending
2026-04-04T16:34:09.782868,What is RAG and how does it work?,"RAG (Retrieval-Augmented Generation) is a powerful technique that first retrieves relevant document chunks using hybrid search (FAISS semantic + BM25 keyword) and then uses an LLM to generate accurate, grounded answers.",0.35,"Weak retrieval, Low groundedness (possible hallucination)",pending
2026-04-04T16:34:10.100621,What is FAISS used for?,FAISS is a library developed by Facebook that enables extremely fast similarity search over millions of vector embeddings.,0.393,"Weak retrieval, Low groundedness (possible hallucination)",pending
2026-04-04T16:34:10.461390,Explain hybrid retrieval,"RAG (Retrieval-Augmented Generation) is a powerful technique that first retrieves relevant document chunks using hybrid search (FAISS semantic + BM25 keyword) and then uses an LLM to generate accurate, grounded answers.",0.35,"Weak retrieval, Low groundedness (possible hallucination)",pending
2026-04-04T16:34:10.908784,What is Sentence-BERT?,Sentence-BERT is a model that converts text into dense vector embeddings so that sentences with similar meanings are close together in vector space.,0.35,"Weak retrieval, Low groundedness (possible hallucination)",pending
2026-04-04T16:34:11.293695,What is cloud computing?,I don't have enough relevant information in the uploaded documents to answer this question confidently.,0.35,"Weak retrieval, Low groundedness (possible hallucination)",pending
2026-04-04T16:34:11.586870,What are advantages of cloud computing?,I don't have enough relevant information in the uploaded documents to answer this question confidently.,0.35,"Weak retrieval, Low groundedness (possible hallucination)",pending
2026-04-04T16:34:11.962555,How does chunking help in RAG?,"RAG (Retrieval-Augmented Generation) is a powerful technique that first retrieves relevant document chunks using hybrid search (FAISS semantic + BM25 keyword) and then uses an LLM to generate accurate, grounded answers.",0.35,"Weak retrieval, Low groundedness (possible hallucination)",pending
2026-04-04T16:34:12.765857,How does RAG reduce hallucinations?,"RAG (Retrieval-Augmented Generation) is a powerful technique that first retrieves relevant document chunks using hybrid search (FAISS semantic + BM25 keyword) and then uses an LLM to generate accurate, grounded answers.",0.35,"Weak retrieval, Low groundedness (possible hallucination)",pending
2026-04-04T16:34:13.013685,What is reranking in RAG?,"RAG (Retrieval-Augmented Generation) is a powerful technique that first retrieves relevant document chunks using hybrid search (FAISS semantic + BM25 keyword) and then uses an LLM to generate accurate, grounded answers.",0.35,"Weak retrieval, Low groundedness (possible hallucination)",pending
2026-04-04T16:34:13.986247,What is the role of confidence scoring in RAG?,"RAG (Retrieval-Augmented Generation) is a powerful technique that first retrieves relevant document chunks using hybrid search (FAISS semantic + BM25 keyword) and then uses an LLM to generate accurate, grounded answers.",0.35,"Weak retrieval, Low groundedness (possible hallucination)",pending
2026-04-04T16:34:14.223822,What is the benefit of hybrid search?,Hybrid retrieval combines dense vector search (FAISS) with sparse keyword search (BM25) using Reciprocal Rank Fusion. This usually gives better results than using either method alone.,0.35,"Weak retrieval, Low groundedness (possible hallucination)",pending
2026-04-04T16:34:14.465314,How does FAISS work with embeddings?,FAISS is a library developed by Facebook that enables extremely fast similarity search over millions of vector embeddings.,0.393,"Weak retrieval, Low groundedness (possible hallucination)",pending
2026-04-04T16:34:14.704081,What is the main goal of RAG?,"RAG (Retrieval-Augmented Generation) is a powerful technique that first retrieves relevant document chunks using hybrid search (FAISS semantic + BM25 keyword) and then uses an LLM to generate accurate, grounded answers.",0.35,"Weak retrieval, Low groundedness (possible hallucination)",pending
2026-04-04T16:34:15.200000,What is the difference between dense and sparse retrieval?,"RAG (Retrieval-Augmented Generation) is a powerful technique that first retrieves relevant document chunks using hybrid search (FAISS semantic + BM25 keyword) and then uses an LLM to generate accurate, grounded answers.",0.35,"Weak retrieval, Low groundedness (possible hallucination)",pending
2026-04-04T16:37:28.712802,What is RAG and how does it work?,"RAG (Retrieval-Augmented Generation) is a powerful technique that first retrieves relevant document chunks using hybrid search (FAISS semantic + BM25 keyword) and then uses an LLM to generate accurate, grounded answers.",0.35,"Weak retrieval, Low groundedness (possible hallucination)",pending
2026-04-04T16:37:28.998630,What is FAISS used for?,FAISS is a library developed by Facebook that enables extremely fast similarity search over millions of vector embeddings.,0.393,"Weak retrieval, Low groundedness (possible hallucination)",pending
2026-04-04T16:37:29.252585,Explain hybrid retrieval,"RAG (Retrieval-Augmented Generation) is a powerful technique that first retrieves relevant document chunks using hybrid search (FAISS semantic + BM25 keyword) and then uses an LLM to generate accurate, grounded answers.",0.35,"Weak retrieval, Low groundedness (possible hallucination)",pending
2026-04-04T16:37:29.492018,What is Sentence-BERT?,Sentence-BERT is a model that converts text into dense vector embeddings so that sentences with similar meanings are close together in vector space.,0.35,"Weak retrieval, Low groundedness (possible hallucination)",pending
2026-04-04T16:37:30.375099,How does chunking help in RAG?,"RAG (Retrieval-Augmented Generation) is a powerful technique that first retrieves relevant document chunks using hybrid search (FAISS semantic + BM25 keyword) and then uses an LLM to generate accurate, grounded answers.",0.35,"Weak retrieval, Low groundedness (possible hallucination)",pending
2026-04-04T16:37:31.275623,How does RAG reduce hallucinations?,"RAG (Retrieval-Augmented Generation) is a powerful technique that first retrieves relevant document chunks using hybrid search (FAISS semantic + BM25 keyword) and then uses an LLM to generate accurate, grounded answers.",0.35,"Weak retrieval, Low groundedness (possible hallucination)",pending
2026-04-04T16:37:31.585778,What is reranking in RAG?,"RAG (Retrieval-Augmented Generation) is a powerful technique that first retrieves relevant document chunks using hybrid search (FAISS semantic + BM25 keyword) and then uses an LLM to generate accurate, grounded answers.",0.35,"Weak retrieval, Low groundedness (possible hallucination)",pending
2026-04-04T16:37:32.210092,What is the difference between IaaS and SaaS?,I don't have enough relevant information in the uploaded documents to answer this question confidently.,0.35,"Weak retrieval, Low groundedness (possible hallucination)",pending
2026-04-04T16:37:32.826990,What is the role of confidence scoring in RAG?,"RAG (Retrieval-Augmented Generation) is a powerful technique that first retrieves relevant document chunks using hybrid search (FAISS semantic + BM25 keyword) and then uses an LLM to generate accurate, grounded answers.",0.35,"Weak retrieval, Low groundedness (possible hallucination)",pending
2026-04-04T16:37:33.110859,What is the benefit of hybrid search?,Hybrid retrieval combines dense vector search (FAISS) with sparse keyword search (BM25) using Reciprocal Rank Fusion. This usually gives better results than using either method alone.,0.35,"Weak retrieval, Low groundedness (possible hallucination)",pending
2026-04-04T16:37:33.400700,How does FAISS work with embeddings?,FAISS is a library developed by Facebook that enables extremely fast similarity search over millions of vector embeddings.,0.393,"Weak retrieval, Low groundedness (possible hallucination)",pending
2026-04-04T16:37:33.667873,What is the main goal of RAG?,I don't have enough relevant information in the uploaded documents to answer this question confidently.,0.35,"Weak retrieval, Low groundedness (possible hallucination)",pending
2026-04-04T16:37:34.234479,What is the difference between dense and sparse retrieval?,"RAG (Retrieval-Augmented Generation) is a powerful technique that first retrieves relevant document chunks using hybrid search (FAISS semantic + BM25 keyword) and then uses an LLM to generate accurate, grounded answers.",0.35,"Weak retrieval, Low groundedness (possible hallucination)",pending
2026-04-04T16:41:53.555038,What is RAG and how does it work?,"RAG (Retrieval-Augmented Generation) is a powerful technique that first retrieves relevant document chunks using hybrid search (FAISS semantic + BM25 keyword) and then uses an LLM to generate accurate, grounded answers.",0.35,"Weak retrieval, Low groundedness (possible hallucination)",pending
2026-04-04T16:41:53.809508,What is FAISS used for?,I don't have enough relevant information in the uploaded documents to answer this question confidently.,0.35,"Weak retrieval, Low groundedness (possible hallucination)",pending
2026-04-04T16:41:54.082528,Explain hybrid retrieval,"RAG (Retrieval-Augmented Generation) is a powerful technique that first retrieves relevant document chunks using hybrid search (FAISS semantic + BM25 keyword) and then uses an LLM to generate accurate, grounded answers.",0.35,"Weak retrieval, Low groundedness (possible hallucination)",pending
2026-04-04T16:41:54.356075,What is Sentence-BERT?,Sentence-BERT is a model that converts text into dense vector embeddings so that sentences with similar meanings are close together in vector space.,0.35,"Weak retrieval, Low groundedness (possible hallucination)",pending
2026-04-04T16:41:55.173892,How does chunking help in RAG?,I don't have enough relevant information in the uploaded documents to answer this question confidently.,0.35,"Weak retrieval, Low groundedness (possible hallucination)",pending
2026-04-04T16:41:55.964931,How does RAG reduce hallucinations?,I don't have enough relevant information in the uploaded documents to answer this question confidently.,0.35,"Weak retrieval, Low groundedness (possible hallucination)",pending
2026-04-04T16:41:56.195169,What is reranking in RAG?,"RAG (Retrieval-Augmented Generation) is a powerful technique that first retrieves relevant document chunks using hybrid search (FAISS semantic + BM25 keyword) and then uses an LLM to generate accurate, grounded answers.",0.35,"Weak retrieval, Low groundedness (possible hallucination)",pending
2026-04-04T16:41:57.099323,What is the role of confidence scoring in RAG?,"RAG (Retrieval-Augmented Generation) is a powerful technique that first retrieves relevant document chunks using hybrid search (FAISS semantic + BM25 keyword) and then uses an LLM to generate accurate, grounded answers.",0.35,"Weak retrieval, Low groundedness (possible hallucination)",pending
2026-04-04T16:41:57.325036,What is the benefit of hybrid search?,Hybrid retrieval combines dense vector search (FAISS) with sparse keyword search (BM25) using Reciprocal Rank Fusion. This usually gives better results than using either method alone.,0.35,"Weak retrieval, Low groundedness (possible hallucination)",pending
2026-04-04T16:41:57.622117,How does FAISS work with embeddings?,FAISS is a library developed by Facebook that enables extremely fast similarity search over millions of vector embeddings.,0.393,"Weak retrieval, Low groundedness (possible hallucination)",pending
2026-04-04T16:41:57.853032,What is the main goal of RAG?,"RAG (Retrieval-Augmented Generation) is a powerful technique that first retrieves relevant document chunks using hybrid search (FAISS semantic + BM25 keyword) and then uses an LLM to generate accurate, grounded answers.",0.35,"Weak retrieval, Low groundedness (possible hallucination)",pending
2026-04-04T16:41:58.322787,What is the difference between dense and sparse retrieval?,"RAG (Retrieval-Augmented Generation) is a powerful technique that first retrieves relevant document chunks using hybrid search (FAISS semantic + BM25 keyword) and then uses an LLM to generate accurate, grounded answers.",0.35,"Weak retrieval, Low groundedness (possible hallucination)",pending
2026-04-04T16:45:41.721980,What is RAG and how does it work?,"RAG (Retrieval-Augmented Generation) is a powerful technique that first retrieves relevant document chunks using hybrid search (FAISS semantic + BM25 keyword) and then uses an LLM to generate accurate, grounded answers.",0.35,"Weak retrieval, Low groundedness (possible hallucination)",pending
2026-04-04T16:45:41.879396,What is FAISS used for?,FAISS is a library developed by Facebook that enables extremely fast similarity search over millions of vector embeddings.,0.393,"Weak retrieval, Low groundedness (possible hallucination)",pending
2026-04-04T16:45:42.028892,Explain hybrid retrieval,"RAG (Retrieval-Augmented Generation) is a powerful technique that first retrieves relevant document chunks using hybrid search (FAISS semantic + BM25 keyword) and then uses an LLM to generate accurate, grounded answers.",0.35,"Weak retrieval, Low groundedness (possible hallucination)",pending
2026-04-04T16:45:42.175162,What is Sentence-BERT?,Sentence-BERT is a model that converts text into dense vector embeddings so that sentences with similar meanings are close together in vector space.,0.35,"Weak retrieval, Low groundedness (possible hallucination)",pending
2026-04-04T16:45:42.600326,How does chunking help in RAG?,I don't have enough relevant information in the uploaded documents to answer this question confidently.,0.35,"Weak retrieval, Low groundedness (possible hallucination)",pending
2026-04-04T16:45:42.890592,What is artificial intelligence?,I don't have enough relevant information in the uploaded documents to answer this question confidently.,0.35,"Weak retrieval, Low groundedness (possible hallucination)",pending
2026-04-04T16:45:43.039514,How does RAG reduce hallucinations?,"RAG (Retrieval-Augmented Generation) is a powerful technique that first retrieves relevant document chunks using hybrid search (FAISS semantic + BM25 keyword) and then uses an LLM to generate accurate, grounded answers.",0.35,"Weak retrieval, Low groundedness (possible hallucination)",pending
2026-04-04T16:45:43.177044,What is reranking in RAG?,"RAG (Retrieval-Augmented Generation) is a powerful technique that first retrieves relevant document chunks using hybrid search (FAISS semantic + BM25 keyword) and then uses an LLM to generate accurate, grounded answers.",0.35,"Weak retrieval, Low groundedness (possible hallucination)",pending
2026-04-04T16:45:43.754104,What is the role of confidence scoring in RAG?,"RAG (Retrieval-Augmented Generation) is a powerful technique that first retrieves relevant document chunks using hybrid search (FAISS semantic + BM25 keyword) and then uses an LLM to generate accurate, grounded answers.",0.35,"Weak retrieval, Low groundedness (possible hallucination)",pending
2026-04-04T16:45:43.899799,What is the benefit of hybrid search?,Hybrid retrieval combines dense vector search (FAISS) with sparse keyword search (BM25) using Reciprocal Rank Fusion. This usually gives better results than using either method alone.,0.35,"Weak retrieval, Low groundedness (possible hallucination)",pending
2026-04-04T16:45:44.086463,How does FAISS work with embeddings?,FAISS is a library developed by Facebook that enables extremely fast similarity search over millions of vector embeddings.,0.393,"Weak retrieval, Low groundedness (possible hallucination)",pending
2026-04-04T16:45:44.225577,What is the main goal of RAG?,"RAG (Retrieval-Augmented Generation) is a powerful technique that first retrieves relevant document chunks using hybrid search (FAISS semantic + BM25 keyword) and then uses an LLM to generate accurate, grounded answers.",0.35,"Weak retrieval, Low groundedness (possible hallucination)",pending
2026-04-04T16:45:44.523122,What is the difference between dense and sparse retrieval?,"RAG (Retrieval-Augmented Generation) is a powerful technique that first retrieves relevant document chunks using hybrid search (FAISS semantic + BM25 keyword) and then uses an LLM to generate accurate, grounded answers.",0.35,"Weak retrieval, Low groundedness (possible hallucination)",pending
2026-04-04T16:47:56.154973,What is RAG and how does it work?,"RAG (Retrieval-Augmented Generation) is a powerful technique that first retrieves relevant document chunks using hybrid search (FAISS semantic + BM25 keyword) and then uses an LLM to generate accurate, grounded answers.",0.3,"Weak retrieval, Low groundedness (possible hallucination)",pending
2026-04-04T16:47:56.256439,What is FAISS used for?,I don't have enough relevant information in the uploaded documents to answer this question confidently.,0.3,"Weak retrieval, Low groundedness (possible hallucination)",pending
2026-04-04T16:47:56.359849,Explain hybrid retrieval,"RAG (Retrieval-Augmented Generation) is a powerful technique that first retrieves relevant document chunks using hybrid search (FAISS semantic + BM25 keyword) and then uses an LLM to generate accurate, grounded answers.",0.3,"Weak retrieval, Low groundedness (possible hallucination)",pending
2026-04-04T16:47:56.465122,What is Sentence-BERT?,Sentence-BERT is a model that converts text into dense vector embeddings so that sentences with similar meanings are close together in vector space.,0.3,"Weak retrieval, Low groundedness (possible hallucination)",pending
2026-04-04T16:47:56.791593,How does chunking help in RAG?,I don't have enough relevant information in the uploaded documents to answer this question confidently.,0.3,"Weak retrieval, Low groundedness (possible hallucination)",pending
2026-04-04T16:47:57.148627,How does RAG reduce hallucinations?,"RAG (Retrieval-Augmented Generation) is a powerful technique that first retrieves relevant document chunks using hybrid search (FAISS semantic + BM25 keyword) and then uses an LLM to generate accurate, grounded answers.",0.3,"Weak retrieval, Low groundedness (possible hallucination)",pending
2026-04-04T16:47:57.270738,What is reranking in RAG?,"RAG (Retrieval-Augmented Generation) is a powerful technique that first retrieves relevant document chunks using hybrid search (FAISS semantic + BM25 keyword) and then uses an LLM to generate accurate, grounded answers.",0.3,"Weak retrieval, Low groundedness (possible hallucination)",pending
2026-04-04T16:47:57.752931,What is the role of confidence scoring in RAG?,"RAG (Retrieval-Augmented Generation) is a powerful technique that first retrieves relevant document chunks using hybrid search (FAISS semantic + BM25 keyword) and then uses an LLM to generate accurate, grounded answers.",0.3,"Weak retrieval, Low groundedness (possible hallucination)",pending
2026-04-04T16:47:57.855405,What is the benefit of hybrid search?,Hybrid retrieval combines dense vector search (FAISS) with sparse keyword search (BM25) using Reciprocal Rank Fusion. This usually gives better results than using either method alone.,0.3,"Weak retrieval, Low groundedness (possible hallucination)",pending
2026-04-04T16:47:57.965990,How does FAISS work with embeddings?,I don't have enough relevant information in the uploaded documents to answer this question confidently.,0.3,"Weak retrieval, Low groundedness (possible hallucination)",pending
2026-04-04T16:47:58.069561,What is the main goal of RAG?,"RAG (Retrieval-Augmented Generation) is a powerful technique that first retrieves relevant document chunks using hybrid search (FAISS semantic + BM25 keyword) and then uses an LLM to generate accurate, grounded answers.",0.3,"Weak retrieval, Low groundedness (possible hallucination)",pending
2026-04-04T16:47:58.278213,What is the difference between dense and sparse retrieval?,"RAG (Retrieval-Augmented Generation) is a powerful technique that first retrieves relevant document chunks using hybrid search (FAISS semantic + BM25 keyword) and then uses an LLM to generate accurate, grounded answers.",0.3,"Weak retrieval, Low groundedness (possible hallucination)",pending
2026-04-04T16:52:00.800875,What is RAG and how does it work?,"RAG (Retrieval-Augmented Generation) is a powerful technique that first retrieves relevant document chunks using hybrid search (FAISS semantic + BM25 keyword) and then uses an LLM to generate accurate, grounded answers.",0.3,"Weak retrieval, Low groundedness (possible hallucination)",pending
2026-04-04T16:52:00.982035,What is FAISS used for?,FAISS is a library developed by Facebook that enables extremely fast similarity search over millions of vector embeddings.,0.343,"Weak retrieval, Low groundedness (possible hallucination)",pending
2026-04-04T16:52:01.103480,Explain hybrid retrieval,"RAG (Retrieval-Augmented Generation) is a powerful technique that first retrieves relevant document chunks using hybrid search (FAISS semantic + BM25 keyword) and then uses an LLM to generate accurate, grounded answers.",0.3,"Weak retrieval, Low groundedness (possible hallucination)",pending
2026-04-04T16:52:01.229195,What is Sentence-BERT?,Sentence-BERT is a model that converts text into dense vector embeddings so that sentences with similar meanings are close together in vector space.,0.3,"Weak retrieval, Low groundedness (possible hallucination)",pending
2026-04-04T16:52:01.601886,How does chunking help in RAG?,"RAG (Retrieval-Augmented Generation) is a powerful technique that first retrieves relevant document chunks using hybrid search (FAISS semantic + BM25 keyword) and then uses an LLM to generate accurate, grounded answers.",0.3,"Weak retrieval, Low groundedness (possible hallucination)",pending
2026-04-04T16:52:01.973887,How does RAG reduce hallucinations?,"RAG (Retrieval-Augmented Generation) is a powerful technique that first retrieves relevant document chunks using hybrid search (FAISS semantic + BM25 keyword) and then uses an LLM to generate accurate, grounded answers.",0.3,"Weak retrieval, Low groundedness (possible hallucination)",pending
2026-04-04T16:52:02.095437,What is reranking in RAG?,"RAG (Retrieval-Augmented Generation) is a powerful technique that first retrieves relevant document chunks using hybrid search (FAISS semantic + BM25 keyword) and then uses an LLM to generate accurate, grounded answers.",0.3,"Weak retrieval, Low groundedness (possible hallucination)",pending
2026-04-04T16:52:02.600604,What is the role of confidence scoring in RAG?,"RAG (Retrieval-Augmented Generation) is a powerful technique that first retrieves relevant document chunks using hybrid search (FAISS semantic + BM25 keyword) and then uses an LLM to generate accurate, grounded answers.",0.3,"Weak retrieval, Low groundedness (possible hallucination)",pending
2026-04-04T16:52:02.721461,What is the benefit of hybrid search?,I don't have enough relevant information in the uploaded documents to answer this question confidently.,0.3,"Weak retrieval, Low groundedness (possible hallucination)",pending
2026-04-04T16:52:02.852186,How does FAISS work with embeddings?,FAISS is a library developed by Facebook that enables extremely fast similarity search over millions of vector embeddings.,0.343,"Weak retrieval, Low groundedness (possible hallucination)",pending
2026-04-04T16:52:02.983953,What is the main goal of RAG?,"RAG (Retrieval-Augmented Generation) is a powerful technique that first retrieves relevant document chunks using hybrid search (FAISS semantic + BM25 keyword) and then uses an LLM to generate accurate, grounded answers.",0.3,"Weak retrieval, Low groundedness (possible hallucination)",pending
2026-04-04T16:52:03.244237,What is the difference between dense and sparse retrieval?,"RAG (Retrieval-Augmented Generation) is a powerful technique that first retrieves relevant document chunks using hybrid search (FAISS semantic + BM25 keyword) and then uses an LLM to generate accurate, grounded answers.",0.3,"Weak retrieval, Low groundedness (possible hallucination)",pending
2026-04-04T17:11:59.512889,What is RAG and how does it work?,"RAG (Retrieval-Augmented Generation) is a powerful technique that first retrieves relevant document chunks using hybrid search (FAISS semantic + BM25 keyword) and then uses an LLM to generate accurate, grounded answers.",0.3,"Weak retrieval, Low groundedness (possible hallucination)",pending
2026-04-04T17:11:59.759350,What is FAISS used for?,FAISS is a library developed by Facebook that enables extremely fast similarity search over millions of vector embeddings.,0.343,"Weak retrieval, Low groundedness (possible hallucination)",pending
2026-04-04T17:12:00.017359,Explain hybrid retrieval,"RAG (Retrieval-Augmented Generation) is a powerful technique that first retrieves relevant document chunks using hybrid search (FAISS semantic + BM25 keyword) and then uses an LLM to generate accurate, grounded answers.",0.3,"Weak retrieval, Low groundedness (possible hallucination)",pending
2026-04-04T17:12:00.465053,What is Sentence-BERT?,Sentence-BERT is a model that converts text into dense vector embeddings so that sentences with similar meanings are close together in vector space.,0.3,"Weak retrieval, Low groundedness (possible hallucination)",pending
2026-04-04T17:12:01.371473,How does chunking help in RAG?,"RAG (Retrieval-Augmented Generation) is a powerful technique that first retrieves relevant document chunks using hybrid search (FAISS semantic + BM25 keyword) and then uses an LLM to generate accurate, grounded answers.",0.3,"Weak retrieval, Low groundedness (possible hallucination)",pending
2026-04-04T17:12:02.048483,How does RAG reduce hallucinations?,"RAG (Retrieval-Augmented Generation) is a powerful technique that first retrieves relevant document chunks using hybrid search (FAISS semantic + BM25 keyword) and then uses an LLM to generate accurate, grounded answers.",0.3,"Weak retrieval, Low groundedness (possible hallucination)",pending
2026-04-04T17:12:02.303565,What is reranking in RAG?,"RAG (Retrieval-Augmented Generation) is a powerful technique that first retrieves relevant document chunks using hybrid search (FAISS semantic + BM25 keyword) and then uses an LLM to generate accurate, grounded answers.",0.3,"Weak retrieval, Low groundedness (possible hallucination)",pending
2026-04-04T17:12:03.279300,What is the role of confidence scoring in RAG?,"RAG (Retrieval-Augmented Generation) is a powerful technique that first retrieves relevant document chunks using hybrid search (FAISS semantic + BM25 keyword) and then uses an LLM to generate accurate, grounded answers.",0.3,"Weak retrieval, Low groundedness (possible hallucination)",pending
2026-04-04T17:12:03.538963,What is the benefit of hybrid search?,I don't have enough relevant information in the uploaded documents to answer this question confidently.,0.3,"Weak retrieval, Low groundedness (possible hallucination)",pending
2026-04-04T17:12:03.772505,How does FAISS work with embeddings?,FAISS is a library developed by Facebook that enables extremely fast similarity search over millions of vector embeddings.,0.343,"Weak retrieval, Low groundedness (possible hallucination)",pending
2026-04-04T17:12:04.013038,What is the main goal of RAG?,"RAG (Retrieval-Augmented Generation) is a powerful technique that first retrieves relevant document chunks using hybrid search (FAISS semantic + BM25 keyword) and then uses an LLM to generate accurate, grounded answers.",0.3,"Weak retrieval, Low groundedness (possible hallucination)",pending
2026-04-04T17:12:04.435899,What is the difference between dense and sparse retrieval?,"RAG (Retrieval-Augmented Generation) is a powerful technique that first retrieves relevant document chunks using hybrid search (FAISS semantic + BM25 keyword) and then uses an LLM to generate accurate, grounded answers.",0.3,"Weak retrieval, Low groundedness (possible hallucination)",pending
2026-04-04T17:32:43.239804,what are components of human health,I don't have enough relevant information in the uploaded documents to answer this question confidently.,0.35,"Weak retrieval, Low groundedness (possible hallucination)",pending
2026-04-04T17:33:16.142001,why sleep is important ?,I don't have enough relevant information in the uploaded documents to answer this question confidently.,0.35,"Weak retrieval, Low groundedness (possible hallucination)",pending
2026-04-04T17:40:18.217446,what is mental health,I don't have enough relevant information in the uploaded documents to answer this question confidently.,0.35,"Weak retrieval, Low groundedness (possible hallucination)",pending
2026-04-04T17:40:29.219383,what is health,I don't have enough relevant information in the uploaded documents to answer this question confidently.,0.35,"Weak retrieval, Low groundedness (possible hallucination)",pending
2026-04-04T17:44:15.526778,what is mental health?,I don't have any documents loaded yet. Please upload a document first.,0.0,No chunks retrieved,pending
2026-04-04T17:44:48.263148,what is mental health?,I don't have any documents loaded yet. Please upload a document first.,0.0,No chunks retrieved,pending
2026-04-04T17:45:02.949810,why sleep is important?,I don't have any documents loaded yet. Please upload a document first.,0.0,No chunks retrieved,pending
2026-04-04T17:58:00.149535,why sleep is important?,I don't have enough relevant information in the uploaded documents to answer this question confidently.,0.35,"Weak retrieval, Low groundedness (possible hallucination)",pending
2026-04-04T18:21:16.718061,what is mental health?,I don't have enough relevant information in the uploaded documents to answer this question confidently.,0.35,"Weak retrieval, Low groundedness (possible hallucination)",pending
